{"event":"Title of Event","date":"01.01.1970","place":"Place where event took place","pause1":"","pause2":"","count":"2","presentations":[{"speaker":"Name Speaker 1","title":"Presentation Title 1","date":"01.01.1970","delay_in":"","delay_out":"","link":"https:\/\/pechakucha.de","slot":"01","slides":[{"file":"01.jpg","type":".jpg"},{"file":"02.jpg","type":".jpg"},{"file":"03.jpg","type":".jpg"},{"file":"04.jpg","type":".jpg"},{"file":"05.jpg","type":".jpg"},{"file":"06.jpg","type":".jpg"},{"file":"07.jpg","type":".jpg"},{"file":"08.jpg","type":".jpg"},{"file":"09.jpg","type":".jpg"},{"file":"10.jpg","type":".jpg"},{"file":"11.jpg","type":".jpg"},{"file":"12.jpg","type":".jpg"},{"file":"13.jpg","type":".jpg"},{"file":"14.jpg","type":".jpg"},{"file":"15.jpg","type":".jpg"},{"file":"16.jpg","type":".jpg"},{"file":"17.jpg","type":".jpg"},{"file":"18.jpg","type":".jpg"},{"file":"19.jpg","type":".jpg"},{"file":"20.jpg","type":".jpg"}]},{"speaker":"Name Speaker 2","title":"Presentation Title","date":"01.01.1970","delay_in":"","delay_out":"","link":"https:\/\/pechakucha.de","slot":"02","slides":[{"file":"01.png","type":".png"},{"file":"02.png","type":".png"},{"file":"03.png","type":".png"},{"file":"04.png","type":".png"},{"file":"05.png","type":".png"},{"file":"06.png","type":".png"},{"file":"07.png","type":".png"},{"file":"08.png","type":".png"},{"file":"09.png","type":".png"},{"file":"10.png","type":".png"},{"file":"11.png","type":".png"},{"file":"12.png","type":".png"},{"file":"13.png","type":".png"},{"file":"14.png","type":".png"},{"file":"15.png","type":".png"},{"file":"16.png","type":".png"},{"file":"17.png","type":".png"},{"file":"18.png","type":".png"},{"file":"19.png","type":".png"},{"file":"20.png","type":".png"}]}]}